Workbook

Sheet 预测日志
A1: 目标日期 | B1: 生成时间 | C1: 基准价($/oz) | D1: 最终方向 | E1: 最终幅度档 | F1: 模型原始方向 | G1: 模型原始档位 | H1: 人工修正 | I1: 次日实际价($/oz) | J1: 实际涨跌幅 | K1: 实际方向 | L1: 实际档位 | M1: 方向对错 | N1: 档位对错 | O1: 市况标签 | P1: 关键驱动摘要 | Q1: 备注 | R1: 置信度(%)
A2: 2026-08-21 | B2: 2026-08-21 10:55 | C2: 4538.3 | D2: 涨 | E2: 大 | F2: 涨 | G2: 大 | H2: 否 | I2: 4604.09 | J2: =IF(OR(I2="",C2=""),"",(I2-C2)/C2) -> 0.014496618 | K2: =IF(J2="","",IF(J2>0,"涨",IF(J2<0,"跌","平"))) -> 涨 | L2: =IF(J2="","",IF(ABS(J2)<=0.003,"小",IF(ABS(J2)<=0.01,"中","大"))) -> 大 | M2: =IF(OR(D2="",K2=""),"",IF(D2=K2,"√","×")) -> √ | N2: =IF(OR(E2="",L2=""),"",IF(E2=L2,"√","×")) -> √ | O2: 趋势涨 | P2: 动能突破(8/20 +4.29%, RSI58/MACD多头)+央行购金加速(PBOC 7月+19.9t)+CFTC净多+9%+霍尔木兹避险+通胀降温；风险：暴涨后回调、联储信号反复、VIX升至16 | Q2: 周六06:30定时结算失败(UTC时区误判+会话无产出)，8/24手动补结算；实际价=周五纽约收盘(新闻源previous close 4604.09，与LBMA周五定盘4582.10及+1.69%单日涨幅互证) | R2: 60
A3: 2026-08-24 | B3: 2026-08-24 10:15 | C3: 4643.9 | D3: 涨 | E3: 大 | F3: 涨 | G3: 大 | H3: 否 | J3: =IF(OR(I3="",C3=""),"",(I3-C3)/C3) | K3: =IF(J3="","",IF(J3>0,"涨",IF(J3<0,"跌","平"))) | L3: =IF(J3="","",IF(ABS(J3)<=0.003,"小",IF(ABS(J3)<=0.01,"中","大"))) | M3: =IF(OR(D3="",K3=""),"",IF(D3=K3,"√","×")) | N3: =IF(OR(E3="",L3=""),"",IF(E3=L3,"√","×")) | O3: 趋势涨(20日+12.66%) | P3: 动能延续(上周+5.6%创三个月新高,今早跳空高开)+央行购金(PBOC 6月+15t连买21月)+霍尔木兹避险(航运-90%)+9月降息押注升温；风险:美元走强/连涨后获利回吐/VIX回落15.1 | Q3: 周一06:30定时执行失败(UTC时钟周日误判)，10:15手动补跑；基准价为10:15实时价(晚于06:00切点)；口径已改为当日趋势 | R3: 55
J4: =IF(OR(I4="",C4=""),"",(I4-C4)/C4) | K4: =IF(J4="","",IF(J4>0,"涨",IF(J4<0,"跌","平"))) | L4: =IF(J4="","",IF(ABS(J4)<=0.003,"小",IF(ABS(J4)<=0.01,"中","大"))) | M4: =IF(OR(D4="",K4=""),"",IF(D4=K4,"√","×")) | N4: =IF(OR(E4="",L4=""),"",IF(E4=L4,"√","×"))
J5: =IF(OR(I5="",C5=""),"",(I5-C5)/C5) | K5: =IF(J5="","",IF(J5>0,"涨",IF(J5<0,"跌","平"))) | L5: =IF(J5="","",IF(ABS(J5)<=0.003,"小",IF(ABS(J5)<=0.01,"中","大"))) | M5: =IF(OR(D5="",K5=""),"",IF(D5=K5,"√","×")) | N5: =IF(OR(E5="",L5=""),"",IF(E5=L5,"√","×"))
J6: =IF(OR(I6="",C6=""),"",(I6-C6)/C6) | K6: =IF(J6="","",IF(J6>0,"涨",IF(J6<0,"跌","平"))) | L6: =IF(J6="","",IF(ABS(J6)<=0.003,"小",IF(ABS(J6)<=0.01,"中","大"))) | M6: =IF(OR(D6="",K6=""),"",IF(D6=K6,"√","×")) | N6: =IF(OR(E6="",L6=""),"",IF(E6=L6,"√","×"))
J7: =IF(OR(I7="",C7=""),"",(I7-C7)/C7) | K7: =IF(J7="","",IF(J7>0,"涨",IF(J7<0,"跌","平"))) | L7: =IF(J7="","",IF(ABS(J7)<=0.003,"小",IF(ABS(J7)<=0.01,"中","大"))) | M7: =IF(OR(D7="",K7=""),"",IF(D7=K7,"√","×")) | N7: =IF(OR(E7="",L7=""),"",IF(E7=L7,"√","×"))
J8: =IF(OR(I8="",C8=""),"",(I8-C8)/C8) | K8: =IF(J8="","",IF(J8>0,"涨",IF(J8<0,"跌","平"))) | L8: =IF(J8="","",IF(ABS(J8)<=0.003,"小",IF(ABS(J8)<=0.01,"中","大"))) | M8: =IF(OR(D8="",K8=""),"",IF(D8=K8,"√","×")) | N8: =IF(OR(E8="",L8=""),"",IF(E8=L8,"√","×"))
J9: =IF(OR(I9="",C9=""),"",(I9-C9)/C9) | K9: =IF(J9="","",IF(J9>0,"涨",IF(J9<0,"跌","平"))) | L9: =IF(J9="","",IF(ABS(J9)<=0.003,"小",IF(ABS(J9)<=0.01,"中","大"))) | M9: =IF(OR(D9="",K9=""),"",IF(D9=K9,"√","×")) | N9: =IF(OR(E9="",L9=""),"",IF(E9=L9,"√","×"))
J10: =IF(OR(I10="",C10=""),"",(I10-C10)/C10) | K10: =IF(J10="","",IF(J10>0,"涨",IF(J10<0,"跌","平"))) | L10: =IF(J10="","",IF(ABS(J10)<=0.003,"小",IF(ABS(J10)<=0.01,"中","大"))) | M10: =IF(OR(D10="",K10=""),"",IF(D10=K10,"√","×")) | N10: =IF(OR(E10="",L10=""),"",IF(E10=L10,"√","×"))
J11: =IF(OR(I11="",C11=""),"",(I11-C11)/C11) | K11: =IF(J11="","",IF(J11>0,"涨",IF(J11<0,"跌","平"))) | L11: =IF(J11="","",IF(ABS(J11)<=0.003,"小",IF(ABS(J11)<=0.01,"中","大"))) | M11: =IF(OR(D11="",K11=""),"",IF(D11=K11,"√","×")) | N11: =IF(OR(E11="",L11=""),"",IF(E11=L11,"√","×"))
J12: =IF(OR(I12="",C12=""),"",(I12-C12)/C12) | K12: =IF(J12="","",IF(J12>0,"涨",IF(J12<0,"跌","平"))) | L12: =IF(J12="","",IF(ABS(J12)<=0.003,"小",IF(ABS(J12)<=0.01,"中","大"))) | M12: =IF(OR(D12="",K12=""),"",IF(D12=K12,"√","×")) | N12: =IF(OR(E12="",L12=""),"",IF(E12=L12,"√","×"))
J13: =IF(OR(I13="",C13=""),"",(I13-C13)/C13) | K13: =IF(J13="","",IF(J13>0,"涨",IF(J13<0,"跌","平"))) | L13: =IF(J13="","",IF(ABS(J13)<=0.003,"小",IF(ABS(J13)<=0.01,"中","大"))) | M13: =IF(OR(D13="",K13=""),"",IF(D13=K13,"√","×")) | N13: =IF(OR(E13="",L13=""),"",IF(E13=L13,"√","×"))
J14: =IF(OR(I14="",C14=""),"",(I14-C14)/C14) | K14: =IF(J14="","",IF(J14>0,"涨",IF(J14<0,"跌","平"))) | L14: =IF(J14="","",IF(ABS(J14)<=0.003,"小",IF(ABS(J14)<=0.01,"中","大"))) | M14: =IF(OR(D14="",K14=""),"",IF(D14=K14,"√","×")) | N14: =IF(OR(E14="",L14=""),"",IF(E14=L14,"√","×"))
J15: =IF(OR(I15="",C15=""),"",(I15-C15)/C15) | K15: =IF(J15="","",IF(J15>0,"涨",IF(J15<0,"跌","平"))) | L15: =IF(J15="","",IF(ABS(J15)<=0.003,"小",IF(ABS(J15)<=0.01,"中","大"))) | M15: =IF(OR(D15="",K15=""),"",IF(D15=K15,"√","×")) | N15: =IF(OR(E15="",L15=""),"",IF(E15=L15,"√","×"))
... J401: =IF(OR(I401="",C401=""),"",(I401-C401)/C401) | K401: =IF(J401="","",IF(J401>0,"涨",IF(J401<0,"跌","平"))) | L401: =IF(J401="","",IF(ABS(J401)<=0.003,"小",IF(ABS(J401)<=0.01,"中","大"))) | M401: =IF(OR(D401="",K401=""),"",IF(D401=K401,"√","×")) | N401: =IF(OR(E401="",L401=""),"",IF(E401=L401,"√","×"))

Sheet 统计
A1: 黄金预测评分统计
A3: 已结算预测数 | B3: =COUNTIF(预测日志!M2:M1000,"√")+COUNTIF(预测日志!M2:M1000,"×") -> 1
A4: 累计预测行数 | B4: =COUNTA(预测日志!A2:A1000) -> 2
A5: 方向正确率（累计） | B5: =IFERROR(COUNTIF(预测日志!M2:M1000,"√")/B3,"-") -> 1
A6: 档位正确率（累计） | B6: =IFERROR(COUNTIF(预测日志!N2:N1000,"√")/(COUNTIF(预测日志!N2:N1000,"√")+COUNTIF(预测日志!N2:N1000,"×")),"-") -> 1
A7: 方向正确率（近30次） | B7: =IFERROR(COUNTIF(OFFSET(预测日志!$M$1,B3-MIN(30,B3)+1,0,MIN(30,B3),1),"√")/MIN(30,B3),"-") -> 1
A8: 档位正确率（近30次） | B8: =IFERROR(COUNTIF(OFFSET(预测日志!$N$1,B3-MIN(30,B3)+1,0,MIN(30,B3),1),"√")/MIN(30,B3),"-") -> 1
A9: 趋势市方向正确率 | B9: =IFERROR(COUNTIFS(预测日志!O2:O1000,"趋势*",预测日志!M2:M1000,"√")/(COUNTIFS(预测日志!O2:O1000,"趋势*",预测日志!M2:M1000,"√")+COUNTIFS(预测日志!O2:O1000,"趋势*",预测日志!M2:M1000,"×")),"-") -> 1
A10: 震荡市方向正确率 | B10: =IFERROR(COUNTIFS(预测日志!O2:O1000,"震荡",预测日志!M2:M1000,"√")/(COUNTIFS(预测日志!O2:O1000,"震荡",预测日志!M2:M1000,"√")+COUNTIFS(预测日志!O2:O1000,"震荡",预测日志!M2:M1000,"×")),"-") -> -
A12: 注：尚无已结算预测时显示 "-" 属正常；数据填入后自动更新。
A13: 置信度已记录数 | B13: =COUNT(预测日志!R2:R1000) -> 2
A14: 置信度已结算样本 | B14: =COUNTIFS(预测日志!R2:R1000,">0",预测日志!M2:M1000,"√")+COUNTIFS(预测日志!R2:R1000,">0",预测日志!M2:M1000,"×") -> 1
A15: 校准报告门槛 | B15: 20 个已结算样本（达标后跑 scripts/calibration.py）

Sheet 说明
A1: 黄金预测系统规则说明
A3: 预测对象 | B3: 北京时间当日 06:00 → 次日 06:00 的 XAU/USD（伦敦金现）当日趋势（覆盖当日全天含隔夜美盘）；每日 06:30 定时生成，预测的是“今天”的走势
A4: 方向定义 | B4: 涨/跌二分判断；实际恰好持平时记"平"，该日方向不计对错
A5: 幅度三档 | B5: 小：|涨跌幅| ≤ 0.3%；中：0.3% < |涨跌幅| ≤ 1.0%；大：|涨跌幅| > 1.0%
A6: 计分规则 | B6: 最终方向/最终幅度档 vs 实际：一致记 √，不一致记 ×；分数只算"最终"列（经人工修正后的决策）
A7: 留档列 | B7: 模型原始方向/档位仅作对照留档，不计分，用于事后分析模型与人工修正各自贡献
A8: 人工修正 | B8: 报告发出后如需改判，修改"最终方向/最终幅度档"并在"人工修正"列记"是"
A9: 市况标签 | B9: 按近20个交易日区间与波动自动判定：趋势涨 / 趋势跌 / 震荡，仅作分组分析，不影响计分
A10: 数据来源 | B10: Tavily 新闻搜索（主力）+ 内置搜索/网页抓取 + FRED/CFTC/CBOE/财政部/WGC/金十/上金所 + AgentEarth 兜底
A11: 评分统计 | B11: 见"统计"工作表：累计与近30次的方向/档位正确率、趋势市与震荡市分项
A12: 建档信息 | B12: 2026-08-21 建档；冷启动回填 30 天历史基线；不设硬性胜率目标，按日志滚动评估
A13: 置信度(%) | B13: 晨间生成预测时，把报告中方向置信度同步记入本列；用于校准分析（各置信度档的声称把握 vs 实际命中率），攒够 20 个已结算样本后运行 scripts/calibration.py 出校准报告
